{"sample_frame210_person1.jpg": 0.9957653340149923, "sample_frame990_person1.jpg": 0.9637637598848763, "sample_frame300_person1.jpg": 0.9636948475916709, "sample_frame1110_person1.jpg": 0.9561541685664218, "sample_frame1050_person1.jpg": 0.9560565519489995}