{"sample_frame900_person2.jpg": 0.9575779654486268, "sample_frame390_person1.jpg": 0.9471709959901733, "sample_frame1260_person1.jpg": 0.9461000503717808, "sample_frame1110_person1.jpg": 0.9446561616975166, "sample_frame1290_person1.jpg": 0.944630067726773}