{
    "sample.mp4_frame1230_person2.jpg": {
        "video_name": "sample.mp4",
        "similarity": 99.99999999999997,
        "original_top5": [
            0.7089,
            0.8367,
            0.744,
            0.9329,
            0.6406
        ],
        "file_top5": [
            0.7089,
            0.8367,
            0.744,
            0.9329,
            0.6406
        ],
        "attr_words": [
            "top short",
            "bottom short",
            "shoulder bag",
            "backpack",
            "hat"
        ]
    },
    "sample.mp4_frame930_person1.jpg": {
        "video_name": "sample.mp4",
        "similarity": 99.99999999999997,
        "original_top5": [
            0.7089,
            0.8367,
            0.744,
            0.9329,
            0.6406
        ],
        "file_top5": [
            0.7089,
            0.8367,
            0.744,
            0.9329,
            0.6406
        ],
        "attr_words": [
            "top short",
            "bottom short",
            "shoulder bag",
            "backpack",
            "hat"
        ]
    },
    "sample.mp4_frame1290_person1.jpg": {
        "video_name": "sample.mp4",
        "similarity": 99.99999999999997,
        "original_top5": [
            0.7089,
            0.8367,
            0.744,
            0.9329,
            0.6406
        ],
        "file_top5": [
            0.7089,
            0.8367,
            0.744,
            0.9329,
            0.6406
        ],
        "attr_words": [
            "top short",
            "bottom short",
            "shoulder bag",
            "backpack",
            "hat"
        ]
    },
    "sample.mp4_frame630_person1.jpg": {
        "video_name": "sample.mp4",
        "similarity": 97.90707025693796,
        "original_top5": [
            0.7089,
            0.8367,
            0.744,
            0.9329,
            0.6406
        ],
        "file_top5": [
            0.7436,
            0.638,
            0.6995,
            0.7862,
            0.5816
        ],
        "attr_words": [
            "top short",
            "bottom short",
            "shoulder bag",
            "backpack",
            "hat"
        ]
    },
    "sample.mp4_frame990_person3.jpg": {
        "video_name": "sample.mp4",
        "similarity": 86.58740473605427,
        "original_top5": [
            0.7089,
            0.8367,
            0.744,
            0.9329,
            0.6406
        ],
        "file_top5": [
            0.7574,
            0.9176,
            0.967,
            0.9873,
            0.4349
        ],
        "attr_words": [
            "top short",
            "bottom short",
            "shoulder bag",
            "backpack",
            "hat"
        ]
    }
}