{
    "sample.mp4_frame60_person1.jpg": {
        "video_name": "sample.mp4",
        "similarity": 98.92123387745694,
        "original_top5": [
            0.9172,
            0.5366,
            0.0535,
            0.653,
            0.4283
        ],
        "file_top5": [
            0.9234,
            0.8794,
            0.0627,
            0.8977,
            0.3649
        ],
        "attr_words": [
            "top short",
            "bottom short",
            "shoulder bag",
            "backpack",
            "hat"
        ]
    },
    "sample.mp4_frame1260_person1.jpg": {
        "video_name": "sample.mp4",
        "similarity": 97.49471034224028,
        "original_top5": [
            0.9172,
            0.5366,
            0.0535,
            0.653,
            0.4283
        ],
        "file_top5": [
            0.6174,
            0.6109,
            0.0831,
            0.3432,
            0.3804
        ],
        "attr_words": [
            "top short",
            "bottom short",
            "shoulder bag",
            "backpack",
            "hat"
        ]
    },
    "sample.mp4_frame480_person1.jpg": {
        "video_name": "sample.mp4",
        "similarity": 96.43226509580487,
        "original_top5": [
            0.9172,
            0.5366,
            0.0535,
            0.653,
            0.4283
        ],
        "file_top5": [
            0.8329,
            0.967,
            0.1762,
            0.1893,
            0.3331
        ],
        "attr_words": [
            "top short",
            "bottom short",
            "shoulder bag",
            "backpack",
            "hat"
        ]
    },
    "sample.mp4_frame600_person1.jpg": {
        "video_name": "sample.mp4",
        "similarity": 95.71835611983933,
        "original_top5": [
            0.9172,
            0.5366,
            0.0535,
            0.653,
            0.4283
        ],
        "file_top5": [
            0.5365,
            0.5971,
            0.1305,
            0.8287,
            0.4775
        ],
        "attr_words": [
            "top short",
            "bottom short",
            "shoulder bag",
            "backpack",
            "hat"
        ]
    },
    "sample.mp4_frame810_person1.jpg": {
        "video_name": "sample.mp4",
        "similarity": 95.22890290533174,
        "original_top5": [
            0.9172,
            0.5366,
            0.0535,
            0.653,
            0.4283
        ],
        "file_top5": [
            0.5121,
            0.8122,
            0.0684,
            0.482,
            0.2462
        ],
        "attr_words": [
            "top short",
            "bottom short",
            "shoulder bag",
            "backpack",
            "hat"
        ]
    }
}